{
    "T1/T1.nii.gz":                                             "BIDS/sub-@SUBJECT@/anat/sub-@SUBJECT@_T1w.nii.gz",
    "raw/T1_notNorm.nii.gz":                                    "BIDS/sub-@SUBJECT@/anat/sub-@SUBJECT@_acq-NotNorm_T1w.nii.gz",
    "T2_FLAIR/T2_FLAIR.nii.gz":                                 "BIDS/sub-@SUBJECT@/anat/sub-@SUBJECT@_FLAIR.nii.gz",
    "raw/T2_FLAIR_notNorm.nii.gz":                              "BIDS/sub-@SUBJECT@/anat/sub-@SUBJECT@_acq-NotNorm_FLAIR.nii.gz",
    "dMRI/raw/AP.nii.gz":                                       "BIDS/sub-@SUBJECT@/dwi/sub-@SUBJECT@_acq-AP_dwi.nii.gz",
    "dMRI/raw/PA.nii.gz":                                       "BIDS/sub-@SUBJECT@/dwi/sub-@SUBJECT@_acq-PA_dwi.nii.gz",
    "raw/AP_SBREF.nii.gz":                                      "BIDS/sub-@SUBJECT@/dwi/sub-@SUBJECT@_acq-AP_sbref.nii.gz",
    "raw/PA_SBREF.nii.gz":                                      "BIDS/sub-@SUBJECT@/dwi/sub-@SUBJECT@_acq-PA_sbref.nii.gz",
    "dMRI/raw/AP.bvec":                                         "BIDS/sub-@SUBJECT@/dwi/sub-@SUBJECT@_acq-AP_dwi.bvec",
    "dMRI/raw/AP.bval":                                         "BIDS/sub-@SUBJECT@/dwi/sub-@SUBJECT@_acq-AP_dwi.bval",
    "dMRI/raw/PA.bvec":                                         "BIDS/sub-@SUBJECT@/dwi/sub-@SUBJECT@_acq-PA_dwi.bvec",
    "dMRI/raw/PA.bval":                                         "BIDS/sub-@SUBJECT@/dwi/sub-@SUBJECT@_acq-PA_dwi.bval",
    "fMRI/rfMRI.nii.gz":                                        "BIDS/sub-@SUBJECT@/func/sub-@SUBJECT@_task-rest_bold.nii.gz",
    "fMRI/tfMRI.nii.gz":                                        "BIDS/sub-@SUBJECT@/func/sub-@SUBJECT@_task-hariri_bold.nii.gz",
    "fMRI/rfMRI_SBREF.nii.gz":                                  "BIDS/sub-@SUBJECT@/func/sub-@SUBJECT@_task-hariri_sbref.nii.gz",
    "fMRI/tfMRI_SBREF.nii.gz":                                  "BIDS/sub-@SUBJECT@/func/sub-@SUBJECT@_task-rest_sbref.nii.gz",
    "SWI/SWI_TOTAL_PHA.nii.gz":                                 "BIDS/sub-@SUBJECT@/anat/sub-@SUBJECT@_acq-pha-total_echo-1_SWI.nii.gz",
    "SWI/SWI_TOTAL_PHA_TE2.nii.gz":                             "BIDS/sub-@SUBJECT@/anat/sub-@SUBJECT@_acq-pha-total_echo-2_SWI.nii.gz",
    "SWI/SWI_TOTAL_MAG.nii.gz":                                 "BIDS/sub-@SUBJECT@/anat/sub-@SUBJECT@_acq-mag-total_echo-1_SWI.nii.gz",
    "SWI/SWI_TOTAL_MAG_TE2.nii.gz":                             "BIDS/sub-@SUBJECT@/anat/sub-@SUBJECT@_acq-mag-total_echo-2_SWI.nii.gz",
    "raw/SWI_TOTAL_MAG_notNorm.nii.gz":                         "BIDS/sub-@SUBJECT@/anat/sub-@SUBJECT@_acq-mag-total-NotNorm_echo-1_SWI.nii.gz",
    "raw/SWI_TOTAL_MAG_notNorm_TE2.nii.gz":                     "BIDS/sub-@SUBJECT@/anat/sub-@SUBJECT@_acq-mag-total-NotNorm_echo-2_SWI.nii.gz",
    "SWI/MAG_TE1/SWI_3MM_UPDATED_V1.1_COIL01_ECHO1_17.nii.gz":  "BIDS/sub-@SUBJECT@/anat/sub-@SUBJECT@_acq-mag-coil01_echo-1_SWI.nii.gz",
    "SWI/MAG_TE1/SWI_3MM_UPDATED_V1.1_COIL02_ECHO1_17.nii.gz":  "BIDS/sub-@SUBJECT@/anat/sub-@SUBJECT@_acq-mag-coil02_echo-1_SWI.nii.gz",
    "SWI/MAG_TE1/SWI_3MM_UPDATED_V1.1_COIL03_ECHO1_17.nii.gz":  "BIDS/sub-@SUBJECT@/anat/sub-@SUBJECT@_acq-mag-coil03_echo-1_SWI.nii.gz",
    "SWI/MAG_TE1/SWI_3MM_UPDATED_V1.1_COIL04_ECHO1_17.nii.gz":  "BIDS/sub-@SUBJECT@/anat/sub-@SUBJECT@_acq-mag-coil04_echo-1_SWI.nii.gz",
    "SWI/MAG_TE1/SWI_3MM_UPDATED_V1.1_COIL05_ECHO1_17.nii.gz":  "BIDS/sub-@SUBJECT@/anat/sub-@SUBJECT@_acq-mag-coil05_echo-1_SWI.nii.gz",
    "SWI/MAG_TE1/SWI_3MM_UPDATED_V1.1_COIL06_ECHO1_17.nii.gz":  "BIDS/sub-@SUBJECT@/anat/sub-@SUBJECT@_acq-mag-coil06_echo-1_SWI.nii.gz",
    "SWI/MAG_TE1/SWI_3MM_UPDATED_V1.1_COIL07_ECHO1_17.nii.gz":  "BIDS/sub-@SUBJECT@/anat/sub-@SUBJECT@_acq-mag-coil07_echo-1_SWI.nii.gz",
    "SWI/MAG_TE1/SWI_3MM_UPDATED_V1.1_COIL08_ECHO1_17.nii.gz":  "BIDS/sub-@SUBJECT@/anat/sub-@SUBJECT@_acq-mag-coil08_echo-1_SWI.nii.gz",
    "SWI/MAG_TE1/SWI_3MM_UPDATED_V1.1_COIL09_ECHO1_17.nii.gz":  "BIDS/sub-@SUBJECT@/anat/sub-@SUBJECT@_acq-mag-coil09_echo-1_SWI.nii.gz",
    "SWI/MAG_TE1/SWI_3MM_UPDATED_V1.1_COIL10_ECHO1_17.nii.gz":  "BIDS/sub-@SUBJECT@/anat/sub-@SUBJECT@_acq-mag-coil10_echo-1_SWI.nii.gz",
    "SWI/MAG_TE1/SWI_3MM_UPDATED_V1.1_COIL11_ECHO1_17.nii.gz":  "BIDS/sub-@SUBJECT@/anat/sub-@SUBJECT@_acq-mag-coil11_echo-1_SWI.nii.gz",
    "SWI/MAG_TE1/SWI_3MM_UPDATED_V1.1_COIL12_ECHO1_17.nii.gz":  "BIDS/sub-@SUBJECT@/anat/sub-@SUBJECT@_acq-mag-coil12_echo-1_SWI.nii.gz",
    "SWI/MAG_TE1/SWI_3MM_UPDATED_V1.1_COIL13_ECHO1_17.nii.gz":  "BIDS/sub-@SUBJECT@/anat/sub-@SUBJECT@_acq-mag-coil13_echo-1_SWI.nii.gz",
    "SWI/MAG_TE1/SWI_3MM_UPDATED_V1.1_COIL14_ECHO1_17.nii.gz":  "BIDS/sub-@SUBJECT@/anat/sub-@SUBJECT@_acq-mag-coil14_echo-1_SWI.nii.gz",
    "SWI/MAG_TE1/SWI_3MM_UPDATED_V1.1_COIL15_ECHO1_17.nii.gz":  "BIDS/sub-@SUBJECT@/anat/sub-@SUBJECT@_acq-mag-coil15_echo-1_SWI.nii.gz",
    "SWI/MAG_TE1/SWI_3MM_UPDATED_V1.1_COIL16_ECHO1_17.nii.gz":  "BIDS/sub-@SUBJECT@/anat/sub-@SUBJECT@_acq-mag-coil16_echo-1_SWI.nii.gz",
    "SWI/MAG_TE1/SWI_3MM_UPDATED_V1.1_COIL17_ECHO1_17.nii.gz":  "BIDS/sub-@SUBJECT@/anat/sub-@SUBJECT@_acq-mag-coil17_echo-1_SWI.nii.gz",
    "SWI/MAG_TE1/SWI_3MM_UPDATED_V1.1_COIL18_ECHO1_17.nii.gz":  "BIDS/sub-@SUBJECT@/anat/sub-@SUBJECT@_acq-mag-coil18_echo-1_SWI.nii.gz",
    "SWI/MAG_TE1/SWI_3MM_UPDATED_V1.1_COIL19_ECHO1_17.nii.gz":  "BIDS/sub-@SUBJECT@/anat/sub-@SUBJECT@_acq-mag-coil19_echo-1_SWI.nii.gz",
    "SWI/MAG_TE1/SWI_3MM_UPDATED_V1.1_COIL20_ECHO1_17.nii.gz":  "BIDS/sub-@SUBJECT@/anat/sub-@SUBJECT@_acq-mag-coil20_echo-1_SWI.nii.gz",
    "SWI/MAG_TE1/SWI_3MM_UPDATED_V1.1_COIL21_ECHO1_17.nii.gz":  "BIDS/sub-@SUBJECT@/anat/sub-@SUBJECT@_acq-mag-coil21_echo-1_SWI.nii.gz",
    "SWI/MAG_TE1/SWI_3MM_UPDATED_V1.1_COIL22_ECHO1_17.nii.gz":  "BIDS/sub-@SUBJECT@/anat/sub-@SUBJECT@_acq-mag-coil22_echo-1_SWI.nii.gz",
    "SWI/MAG_TE1/SWI_3MM_UPDATED_V1.1_COIL23_ECHO1_17.nii.gz":  "BIDS/sub-@SUBJECT@/anat/sub-@SUBJECT@_acq-mag-coil23_echo-1_SWI.nii.gz",
    "SWI/MAG_TE1/SWI_3MM_UPDATED_V1.1_COIL24_ECHO1_17.nii.gz":  "BIDS/sub-@SUBJECT@/anat/sub-@SUBJECT@_acq-mag-coil24_echo-1_SWI.nii.gz",
    "SWI/MAG_TE1/SWI_3MM_UPDATED_V1.1_COIL25_ECHO1_17.nii.gz":  "BIDS/sub-@SUBJECT@/anat/sub-@SUBJECT@_acq-mag-coil25_echo-1_SWI.nii.gz",
    "SWI/MAG_TE1/SWI_3MM_UPDATED_V1.1_COIL26_ECHO1_17.nii.gz":  "BIDS/sub-@SUBJECT@/anat/sub-@SUBJECT@_acq-mag-coil26_echo-1_SWI.nii.gz",
    "SWI/MAG_TE1/SWI_3MM_UPDATED_V1.1_COIL27_ECHO1_17.nii.gz":  "BIDS/sub-@SUBJECT@/anat/sub-@SUBJECT@_acq-mag-coil27_echo-1_SWI.nii.gz",
    "SWI/MAG_TE1/SWI_3MM_UPDATED_V1.1_COIL28_ECHO1_17.nii.gz":  "BIDS/sub-@SUBJECT@/anat/sub-@SUBJECT@_acq-mag-coil28_echo-1_SWI.nii.gz",
    "SWI/MAG_TE1/SWI_3MM_UPDATED_V1.1_COIL29_ECHO1_17.nii.gz":  "BIDS/sub-@SUBJECT@/anat/sub-@SUBJECT@_acq-mag-coil29_echo-1_SWI.nii.gz",
    "SWI/MAG_TE1/SWI_3MM_UPDATED_V1.1_COIL30_ECHO1_17.nii.gz":  "BIDS/sub-@SUBJECT@/anat/sub-@SUBJECT@_acq-mag-coil30_echo-1_SWI.nii.gz",
    "SWI/MAG_TE1/SWI_3MM_UPDATED_V1.1_COIL31_ECHO1_17.nii.gz":  "BIDS/sub-@SUBJECT@/anat/sub-@SUBJECT@_acq-mag-coil31_echo-1_SWI.nii.gz",
    "SWI/MAG_TE1/SWI_3MM_UPDATED_V1.1_COIL32_ECHO1_17.nii.gz":  "BIDS/sub-@SUBJECT@/anat/sub-@SUBJECT@_acq-mag-coil32_echo-1_SWI.nii.gz",
    "SWI/MAG_TE2/SWI_3MM_UPDATED_V1.1_COIL01_ECHO2_17.nii.gz":  "BIDS/sub-@SUBJECT@/anat/sub-@SUBJECT@_acq-mag-coil01_echo-2_SWI.nii.gz",
    "SWI/MAG_TE2/SWI_3MM_UPDATED_V1.1_COIL02_ECHO2_17.nii.gz":  "BIDS/sub-@SUBJECT@/anat/sub-@SUBJECT@_acq-mag-coil02_echo-2_SWI.nii.gz",
    "SWI/MAG_TE2/SWI_3MM_UPDATED_V1.1_COIL03_ECHO2_17.nii.gz":  "BIDS/sub-@SUBJECT@/anat/sub-@SUBJECT@_acq-mag-coil03_echo-2_SWI.nii.gz",
    "SWI/MAG_TE2/SWI_3MM_UPDATED_V1.1_COIL04_ECHO2_17.nii.gz":  "BIDS/sub-@SUBJECT@/anat/sub-@SUBJECT@_acq-mag-coil04_echo-2_SWI.nii.gz",
    "SWI/MAG_TE2/SWI_3MM_UPDATED_V1.1_COIL05_ECHO2_17.nii.gz":  "BIDS/sub-@SUBJECT@/anat/sub-@SUBJECT@_acq-mag-coil05_echo-2_SWI.nii.gz",
    "SWI/MAG_TE2/SWI_3MM_UPDATED_V1.1_COIL06_ECHO2_17.nii.gz":  "BIDS/sub-@SUBJECT@/anat/sub-@SUBJECT@_acq-mag-coil06_echo-2_SWI.nii.gz",
    "SWI/MAG_TE2/SWI_3MM_UPDATED_V1.1_COIL07_ECHO2_17.nii.gz":  "BIDS/sub-@SUBJECT@/anat/sub-@SUBJECT@_acq-mag-coil07_echo-2_SWI.nii.gz",
    "SWI/MAG_TE2/SWI_3MM_UPDATED_V1.1_COIL08_ECHO2_17.nii.gz":  "BIDS/sub-@SUBJECT@/anat/sub-@SUBJECT@_acq-mag-coil08_echo-2_SWI.nii.gz",
    "SWI/MAG_TE2/SWI_3MM_UPDATED_V1.1_COIL09_ECHO2_17.nii.gz":  "BIDS/sub-@SUBJECT@/anat/sub-@SUBJECT@_acq-mag-coil09_echo-2_SWI.nii.gz",
    "SWI/MAG_TE2/SWI_3MM_UPDATED_V1.1_COIL10_ECHO2_17.nii.gz":  "BIDS/sub-@SUBJECT@/anat/sub-@SUBJECT@_acq-mag-coil10_echo-2_SWI.nii.gz",
    "SWI/MAG_TE2/SWI_3MM_UPDATED_V1.1_COIL11_ECHO2_17.nii.gz":  "BIDS/sub-@SUBJECT@/anat/sub-@SUBJECT@_acq-mag-coil11_echo-2_SWI.nii.gz",
    "SWI/MAG_TE2/SWI_3MM_UPDATED_V1.1_COIL12_ECHO2_17.nii.gz":  "BIDS/sub-@SUBJECT@/anat/sub-@SUBJECT@_acq-mag-coil12_echo-2_SWI.nii.gz",
    "SWI/MAG_TE2/SWI_3MM_UPDATED_V1.1_COIL13_ECHO2_17.nii.gz":  "BIDS/sub-@SUBJECT@/anat/sub-@SUBJECT@_acq-mag-coil13_echo-2_SWI.nii.gz",
    "SWI/MAG_TE2/SWI_3MM_UPDATED_V1.1_COIL14_ECHO2_17.nii.gz":  "BIDS/sub-@SUBJECT@/anat/sub-@SUBJECT@_acq-mag-coil14_echo-2_SWI.nii.gz",
    "SWI/MAG_TE2/SWI_3MM_UPDATED_V1.1_COIL15_ECHO2_17.nii.gz":  "BIDS/sub-@SUBJECT@/anat/sub-@SUBJECT@_acq-mag-coil15_echo-2_SWI.nii.gz",
    "SWI/MAG_TE2/SWI_3MM_UPDATED_V1.1_COIL16_ECHO2_17.nii.gz":  "BIDS/sub-@SUBJECT@/anat/sub-@SUBJECT@_acq-mag-coil16_echo-2_SWI.nii.gz",
    "SWI/MAG_TE2/SWI_3MM_UPDATED_V1.1_COIL17_ECHO2_17.nii.gz":  "BIDS/sub-@SUBJECT@/anat/sub-@SUBJECT@_acq-mag-coil17_echo-2_SWI.nii.gz",
    "SWI/MAG_TE2/SWI_3MM_UPDATED_V1.1_COIL18_ECHO2_17.nii.gz":  "BIDS/sub-@SUBJECT@/anat/sub-@SUBJECT@_acq-mag-coil18_echo-2_SWI.nii.gz",
    "SWI/MAG_TE2/SWI_3MM_UPDATED_V1.1_COIL19_ECHO2_17.nii.gz":  "BIDS/sub-@SUBJECT@/anat/sub-@SUBJECT@_acq-mag-coil19_echo-2_SWI.nii.gz",
    "SWI/MAG_TE2/SWI_3MM_UPDATED_V1.1_COIL20_ECHO2_17.nii.gz":  "BIDS/sub-@SUBJECT@/anat/sub-@SUBJECT@_acq-mag-coil20_echo-2_SWI.nii.gz",
    "SWI/MAG_TE2/SWI_3MM_UPDATED_V1.1_COIL21_ECHO2_17.nii.gz":  "BIDS/sub-@SUBJECT@/anat/sub-@SUBJECT@_acq-mag-coil21_echo-2_SWI.nii.gz",
    "SWI/MAG_TE2/SWI_3MM_UPDATED_V1.1_COIL22_ECHO2_17.nii.gz":  "BIDS/sub-@SUBJECT@/anat/sub-@SUBJECT@_acq-mag-coil22_echo-2_SWI.nii.gz",
    "SWI/MAG_TE2/SWI_3MM_UPDATED_V1.1_COIL23_ECHO2_17.nii.gz":  "BIDS/sub-@SUBJECT@/anat/sub-@SUBJECT@_acq-mag-coil23_echo-2_SWI.nii.gz",
    "SWI/MAG_TE2/SWI_3MM_UPDATED_V1.1_COIL24_ECHO2_17.nii.gz":  "BIDS/sub-@SUBJECT@/anat/sub-@SUBJECT@_acq-mag-coil24_echo-2_SWI.nii.gz",
    "SWI/MAG_TE2/SWI_3MM_UPDATED_V1.1_COIL25_ECHO2_17.nii.gz":  "BIDS/sub-@SUBJECT@/anat/sub-@SUBJECT@_acq-mag-coil25_echo-2_SWI.nii.gz",
    "SWI/MAG_TE2/SWI_3MM_UPDATED_V1.1_COIL26_ECHO2_17.nii.gz":  "BIDS/sub-@SUBJECT@/anat/sub-@SUBJECT@_acq-mag-coil26_echo-2_SWI.nii.gz",
    "SWI/MAG_TE2/SWI_3MM_UPDATED_V1.1_COIL27_ECHO2_17.nii.gz":  "BIDS/sub-@SUBJECT@/anat/sub-@SUBJECT@_acq-mag-coil27_echo-2_SWI.nii.gz",
    "SWI/MAG_TE2/SWI_3MM_UPDATED_V1.1_COIL28_ECHO2_17.nii.gz":  "BIDS/sub-@SUBJECT@/anat/sub-@SUBJECT@_acq-mag-coil28_echo-2_SWI.nii.gz",
    "SWI/MAG_TE2/SWI_3MM_UPDATED_V1.1_COIL29_ECHO2_17.nii.gz":  "BIDS/sub-@SUBJECT@/anat/sub-@SUBJECT@_acq-mag-coil29_echo-2_SWI.nii.gz",
    "SWI/MAG_TE2/SWI_3MM_UPDATED_V1.1_COIL30_ECHO2_17.nii.gz":  "BIDS/sub-@SUBJECT@/anat/sub-@SUBJECT@_acq-mag-coil30_echo-2_SWI.nii.gz",
    "SWI/MAG_TE2/SWI_3MM_UPDATED_V1.1_COIL31_ECHO2_17.nii.gz":  "BIDS/sub-@SUBJECT@/anat/sub-@SUBJECT@_acq-mag-coil31_echo-2_SWI.nii.gz",
    "SWI/MAG_TE2/SWI_3MM_UPDATED_V1.1_COIL32_ECHO2_17.nii.gz":  "BIDS/sub-@SUBJECT@/anat/sub-@SUBJECT@_acq-mag-coil32_echo-2_SWI.nii.gz",
    "SWI/PHA_TE1/SWI_3MM_UPDATED_V1.1_COIL01_ECHO1_20.nii.gz":  "BIDS/sub-@SUBJECT@/anat/sub-@SUBJECT@_acq-pha-coil01_echo-1_SWI.nii.gz",
    "SWI/PHA_TE1/SWI_3MM_UPDATED_V1.1_COIL02_ECHO1_20.nii.gz":  "BIDS/sub-@SUBJECT@/anat/sub-@SUBJECT@_acq-pha-coil02_echo-1_SWI.nii.gz",
    "SWI/PHA_TE1/SWI_3MM_UPDATED_V1.1_COIL03_ECHO1_20.nii.gz":  "BIDS/sub-@SUBJECT@/anat/sub-@SUBJECT@_acq-pha-coil03_echo-1_SWI.nii.gz",
    "SWI/PHA_TE1/SWI_3MM_UPDATED_V1.1_COIL04_ECHO1_20.nii.gz":  "BIDS/sub-@SUBJECT@/anat/sub-@SUBJECT@_acq-pha-coil04_echo-1_SWI.nii.gz",
    "SWI/PHA_TE1/SWI_3MM_UPDATED_V1.1_COIL05_ECHO1_20.nii.gz":  "BIDS/sub-@SUBJECT@/anat/sub-@SUBJECT@_acq-pha-coil05_echo-1_SWI.nii.gz",
    "SWI/PHA_TE1/SWI_3MM_UPDATED_V1.1_COIL06_ECHO1_20.nii.gz":  "BIDS/sub-@SUBJECT@/anat/sub-@SUBJECT@_acq-pha-coil06_echo-1_SWI.nii.gz",
    "SWI/PHA_TE1/SWI_3MM_UPDATED_V1.1_COIL07_ECHO1_20.nii.gz":  "BIDS/sub-@SUBJECT@/anat/sub-@SUBJECT@_acq-pha-coil07_echo-1_SWI.nii.gz",
    "SWI/PHA_TE1/SWI_3MM_UPDATED_V1.1_COIL08_ECHO1_20.nii.gz":  "BIDS/sub-@SUBJECT@/anat/sub-@SUBJECT@_acq-pha-coil08_echo-1_SWI.nii.gz",
    "SWI/PHA_TE1/SWI_3MM_UPDATED_V1.1_COIL09_ECHO1_20.nii.gz":  "BIDS/sub-@SUBJECT@/anat/sub-@SUBJECT@_acq-pha-coil09_echo-1_SWI.nii.gz",
    "SWI/PHA_TE1/SWI_3MM_UPDATED_V1.1_COIL10_ECHO1_20.nii.gz":  "BIDS/sub-@SUBJECT@/anat/sub-@SUBJECT@_acq-pha-coil10_echo-1_SWI.nii.gz",
    "SWI/PHA_TE1/SWI_3MM_UPDATED_V1.1_COIL11_ECHO1_20.nii.gz":  "BIDS/sub-@SUBJECT@/anat/sub-@SUBJECT@_acq-pha-coil11_echo-1_SWI.nii.gz",
    "SWI/PHA_TE1/SWI_3MM_UPDATED_V1.1_COIL12_ECHO1_20.nii.gz":  "BIDS/sub-@SUBJECT@/anat/sub-@SUBJECT@_acq-pha-coil12_echo-1_SWI.nii.gz",
    "SWI/PHA_TE1/SWI_3MM_UPDATED_V1.1_COIL13_ECHO1_20.nii.gz":  "BIDS/sub-@SUBJECT@/anat/sub-@SUBJECT@_acq-pha-coil13_echo-1_SWI.nii.gz",
    "SWI/PHA_TE1/SWI_3MM_UPDATED_V1.1_COIL14_ECHO1_20.nii.gz":  "BIDS/sub-@SUBJECT@/anat/sub-@SUBJECT@_acq-pha-coil14_echo-1_SWI.nii.gz",
    "SWI/PHA_TE1/SWI_3MM_UPDATED_V1.1_COIL15_ECHO1_20.nii.gz":  "BIDS/sub-@SUBJECT@/anat/sub-@SUBJECT@_acq-pha-coil15_echo-1_SWI.nii.gz",
    "SWI/PHA_TE1/SWI_3MM_UPDATED_V1.1_COIL16_ECHO1_20.nii.gz":  "BIDS/sub-@SUBJECT@/anat/sub-@SUBJECT@_acq-pha-coil16_echo-1_SWI.nii.gz",
    "SWI/PHA_TE1/SWI_3MM_UPDATED_V1.1_COIL17_ECHO1_20.nii.gz":  "BIDS/sub-@SUBJECT@/anat/sub-@SUBJECT@_acq-pha-coil17_echo-1_SWI.nii.gz",
    "SWI/PHA_TE1/SWI_3MM_UPDATED_V1.1_COIL18_ECHO1_20.nii.gz":  "BIDS/sub-@SUBJECT@/anat/sub-@SUBJECT@_acq-pha-coil18_echo-1_SWI.nii.gz",
    "SWI/PHA_TE1/SWI_3MM_UPDATED_V1.1_COIL19_ECHO1_20.nii.gz":  "BIDS/sub-@SUBJECT@/anat/sub-@SUBJECT@_acq-pha-coil19_echo-1_SWI.nii.gz",
    "SWI/PHA_TE1/SWI_3MM_UPDATED_V1.1_COIL20_ECHO1_20.nii.gz":  "BIDS/sub-@SUBJECT@/anat/sub-@SUBJECT@_acq-pha-coil20_echo-1_SWI.nii.gz",
    "SWI/PHA_TE1/SWI_3MM_UPDATED_V1.1_COIL21_ECHO1_20.nii.gz":  "BIDS/sub-@SUBJECT@/anat/sub-@SUBJECT@_acq-pha-coil21_echo-1_SWI.nii.gz",
    "SWI/PHA_TE1/SWI_3MM_UPDATED_V1.1_COIL22_ECHO1_20.nii.gz":  "BIDS/sub-@SUBJECT@/anat/sub-@SUBJECT@_acq-pha-coil22_echo-1_SWI.nii.gz",
    "SWI/PHA_TE1/SWI_3MM_UPDATED_V1.1_COIL23_ECHO1_20.nii.gz":  "BIDS/sub-@SUBJECT@/anat/sub-@SUBJECT@_acq-pha-coil23_echo-1_SWI.nii.gz",
    "SWI/PHA_TE1/SWI_3MM_UPDATED_V1.1_COIL24_ECHO1_20.nii.gz":  "BIDS/sub-@SUBJECT@/anat/sub-@SUBJECT@_acq-pha-coil24_echo-1_SWI.nii.gz",
    "SWI/PHA_TE1/SWI_3MM_UPDATED_V1.1_COIL25_ECHO1_20.nii.gz":  "BIDS/sub-@SUBJECT@/anat/sub-@SUBJECT@_acq-pha-coil25_echo-1_SWI.nii.gz",
    "SWI/PHA_TE1/SWI_3MM_UPDATED_V1.1_COIL26_ECHO1_20.nii.gz":  "BIDS/sub-@SUBJECT@/anat/sub-@SUBJECT@_acq-pha-coil26_echo-1_SWI.nii.gz",
    "SWI/PHA_TE1/SWI_3MM_UPDATED_V1.1_COIL27_ECHO1_20.nii.gz":  "BIDS/sub-@SUBJECT@/anat/sub-@SUBJECT@_acq-pha-coil27_echo-1_SWI.nii.gz",
    "SWI/PHA_TE1/SWI_3MM_UPDATED_V1.1_COIL28_ECHO1_20.nii.gz":  "BIDS/sub-@SUBJECT@/anat/sub-@SUBJECT@_acq-pha-coil28_echo-1_SWI.nii.gz",
    "SWI/PHA_TE1/SWI_3MM_UPDATED_V1.1_COIL29_ECHO1_20.nii.gz":  "BIDS/sub-@SUBJECT@/anat/sub-@SUBJECT@_acq-pha-coil29_echo-1_SWI.nii.gz",
    "SWI/PHA_TE1/SWI_3MM_UPDATED_V1.1_COIL30_ECHO1_20.nii.gz":  "BIDS/sub-@SUBJECT@/anat/sub-@SUBJECT@_acq-pha-coil30_echo-1_SWI.nii.gz",
    "SWI/PHA_TE1/SWI_3MM_UPDATED_V1.1_COIL31_ECHO1_20.nii.gz":  "BIDS/sub-@SUBJECT@/anat/sub-@SUBJECT@_acq-pha-coil31_echo-1_SWI.nii.gz",
    "SWI/PHA_TE1/SWI_3MM_UPDATED_V1.1_COIL32_ECHO1_20.nii.gz":  "BIDS/sub-@SUBJECT@/anat/sub-@SUBJECT@_acq-pha-coil32_echo-1_SWI.nii.gz",
    "SWI/PHA_TE2/SWI_3MM_UPDATED_V1.1_COIL01_ECHO2_20.nii.gz":  "BIDS/sub-@SUBJECT@/anat/sub-@SUBJECT@_acq-pha-coil01_echo-2_SWI.nii.gz",
    "SWI/PHA_TE2/SWI_3MM_UPDATED_V1.1_COIL02_ECHO2_20.nii.gz":  "BIDS/sub-@SUBJECT@/anat/sub-@SUBJECT@_acq-pha-coil02_echo-2_SWI.nii.gz",
    "SWI/PHA_TE2/SWI_3MM_UPDATED_V1.1_COIL03_ECHO2_20.nii.gz":  "BIDS/sub-@SUBJECT@/anat/sub-@SUBJECT@_acq-pha-coil03_echo-2_SWI.nii.gz",
    "SWI/PHA_TE2/SWI_3MM_UPDATED_V1.1_COIL04_ECHO2_20.nii.gz":  "BIDS/sub-@SUBJECT@/anat/sub-@SUBJECT@_acq-pha-coil04_echo-2_SWI.nii.gz",
    "SWI/PHA_TE2/SWI_3MM_UPDATED_V1.1_COIL05_ECHO2_20.nii.gz":  "BIDS/sub-@SUBJECT@/anat/sub-@SUBJECT@_acq-pha-coil05_echo-2_SWI.nii.gz",
    "SWI/PHA_TE2/SWI_3MM_UPDATED_V1.1_COIL06_ECHO2_20.nii.gz":  "BIDS/sub-@SUBJECT@/anat/sub-@SUBJECT@_acq-pha-coil06_echo-2_SWI.nii.gz",
    "SWI/PHA_TE2/SWI_3MM_UPDATED_V1.1_COIL07_ECHO2_20.nii.gz":  "BIDS/sub-@SUBJECT@/anat/sub-@SUBJECT@_acq-pha-coil07_echo-2_SWI.nii.gz",
    "SWI/PHA_TE2/SWI_3MM_UPDATED_V1.1_COIL08_ECHO2_20.nii.gz":  "BIDS/sub-@SUBJECT@/anat/sub-@SUBJECT@_acq-pha-coil08_echo-2_SWI.nii.gz",
    "SWI/PHA_TE2/SWI_3MM_UPDATED_V1.1_COIL09_ECHO2_20.nii.gz":  "BIDS/sub-@SUBJECT@/anat/sub-@SUBJECT@_acq-pha-coil09_echo-2_SWI.nii.gz",
    "SWI/PHA_TE2/SWI_3MM_UPDATED_V1.1_COIL10_ECHO2_20.nii.gz":  "BIDS/sub-@SUBJECT@/anat/sub-@SUBJECT@_acq-pha-coil10_echo-2_SWI.nii.gz",
    "SWI/PHA_TE2/SWI_3MM_UPDATED_V1.1_COIL11_ECHO2_20.nii.gz":  "BIDS/sub-@SUBJECT@/anat/sub-@SUBJECT@_acq-pha-coil11_echo-2_SWI.nii.gz",
    "SWI/PHA_TE2/SWI_3MM_UPDATED_V1.1_COIL12_ECHO2_20.nii.gz":  "BIDS/sub-@SUBJECT@/anat/sub-@SUBJECT@_acq-pha-coil12_echo-2_SWI.nii.gz",
    "SWI/PHA_TE2/SWI_3MM_UPDATED_V1.1_COIL13_ECHO2_20.nii.gz":  "BIDS/sub-@SUBJECT@/anat/sub-@SUBJECT@_acq-pha-coil13_echo-2_SWI.nii.gz",
    "SWI/PHA_TE2/SWI_3MM_UPDATED_V1.1_COIL14_ECHO2_20.nii.gz":  "BIDS/sub-@SUBJECT@/anat/sub-@SUBJECT@_acq-pha-coil14_echo-2_SWI.nii.gz",
    "SWI/PHA_TE2/SWI_3MM_UPDATED_V1.1_COIL15_ECHO2_20.nii.gz":  "BIDS/sub-@SUBJECT@/anat/sub-@SUBJECT@_acq-pha-coil15_echo-2_SWI.nii.gz",
    "SWI/PHA_TE2/SWI_3MM_UPDATED_V1.1_COIL16_ECHO2_20.nii.gz":  "BIDS/sub-@SUBJECT@/anat/sub-@SUBJECT@_acq-pha-coil16_echo-2_SWI.nii.gz",
    "SWI/PHA_TE2/SWI_3MM_UPDATED_V1.1_COIL17_ECHO2_20.nii.gz":  "BIDS/sub-@SUBJECT@/anat/sub-@SUBJECT@_acq-pha-coil17_echo-2_SWI.nii.gz",
    "SWI/PHA_TE2/SWI_3MM_UPDATED_V1.1_COIL18_ECHO2_20.nii.gz":  "BIDS/sub-@SUBJECT@/anat/sub-@SUBJECT@_acq-pha-coil18_echo-2_SWI.nii.gz",
    "SWI/PHA_TE2/SWI_3MM_UPDATED_V1.1_COIL19_ECHO2_20.nii.gz":  "BIDS/sub-@SUBJECT@/anat/sub-@SUBJECT@_acq-pha-coil19_echo-2_SWI.nii.gz",
    "SWI/PHA_TE2/SWI_3MM_UPDATED_V1.1_COIL20_ECHO2_20.nii.gz":  "BIDS/sub-@SUBJECT@/anat/sub-@SUBJECT@_acq-pha-coil20_echo-2_SWI.nii.gz",
    "SWI/PHA_TE2/SWI_3MM_UPDATED_V1.1_COIL21_ECHO2_20.nii.gz":  "BIDS/sub-@SUBJECT@/anat/sub-@SUBJECT@_acq-pha-coil21_echo-2_SWI.nii.gz",
    "SWI/PHA_TE2/SWI_3MM_UPDATED_V1.1_COIL22_ECHO2_20.nii.gz":  "BIDS/sub-@SUBJECT@/anat/sub-@SUBJECT@_acq-pha-coil22_echo-2_SWI.nii.gz",
    "SWI/PHA_TE2/SWI_3MM_UPDATED_V1.1_COIL23_ECHO2_20.nii.gz":  "BIDS/sub-@SUBJECT@/anat/sub-@SUBJECT@_acq-pha-coil23_echo-2_SWI.nii.gz",
    "SWI/PHA_TE2/SWI_3MM_UPDATED_V1.1_COIL24_ECHO2_20.nii.gz":  "BIDS/sub-@SUBJECT@/anat/sub-@SUBJECT@_acq-pha-coil24_echo-2_SWI.nii.gz",
    "SWI/PHA_TE2/SWI_3MM_UPDATED_V1.1_COIL25_ECHO2_20.nii.gz":  "BIDS/sub-@SUBJECT@/anat/sub-@SUBJECT@_acq-pha-coil25_echo-2_SWI.nii.gz",
    "SWI/PHA_TE2/SWI_3MM_UPDATED_V1.1_COIL26_ECHO2_20.nii.gz":  "BIDS/sub-@SUBJECT@/anat/sub-@SUBJECT@_acq-pha-coil26_echo-2_SWI.nii.gz",
    "SWI/PHA_TE2/SWI_3MM_UPDATED_V1.1_COIL27_ECHO2_20.nii.gz":  "BIDS/sub-@SUBJECT@/anat/sub-@SUBJECT@_acq-pha-coil27_echo-2_SWI.nii.gz",
    "SWI/PHA_TE2/SWI_3MM_UPDATED_V1.1_COIL28_ECHO2_20.nii.gz":  "BIDS/sub-@SUBJECT@/anat/sub-@SUBJECT@_acq-pha-coil28_echo-2_SWI.nii.gz",
    "SWI/PHA_TE2/SWI_3MM_UPDATED_V1.1_COIL29_ECHO2_20.nii.gz":  "BIDS/sub-@SUBJECT@/anat/sub-@SUBJECT@_acq-pha-coil29_echo-2_SWI.nii.gz",
    "SWI/PHA_TE2/SWI_3MM_UPDATED_V1.1_COIL30_ECHO2_20.nii.gz":  "BIDS/sub-@SUBJECT@/anat/sub-@SUBJECT@_acq-pha-coil30_echo-2_SWI.nii.gz",
    "SWI/PHA_TE2/SWI_3MM_UPDATED_V1.1_COIL31_ECHO2_20.nii.gz":  "BIDS/sub-@SUBJECT@/anat/sub-@SUBJECT@_acq-pha-coil31_echo-2_SWI.nii.gz",
    "SWI/PHA_TE2/SWI_3MM_UPDATED_V1.1_COIL32_ECHO2_20.nii.gz":  "BIDS/sub-@SUBJECT@/anat/sub-@SUBJECT@_acq-pha-coil32_echo-2_SWI.nii.gz"
}
