{
    "AP":                           "dMRI/raw/AP.nii.gz",
    "AP_SBRef":                     "raw/AP_SBREF.nii.gz",
    "AP_bval":                      "dMRI/raw/AP.bval",
    "AP_bvec":                      "dMRI/raw/AP.bvec",
    "PA":                           "dMRI/raw/PA.nii.gz",
    "PA_SBRef":                     "raw/PA_SBREF.nii.gz",
    "PA_bval":                      "dMRI/raw/PA.bval",
    "PA_bvec":                      "dMRI/raw/PA.bvec",
    "SWI_MAG_TE1":                  "SWI/MAG_TE1/",
    "SWI_MAG_TE2":                  "SWI/MAG_TE2/",
    "SWI_PHA_TE1":                  "SWI/PHA_TE1/",
    "SWI_PHA_TE2":                  "SWI/PHA_TE2/",
    "SWI_TOTAL_MAG":                "SWI/SWI_TOTAL_MAG.nii.gz",
    "SWI_TOTAL_MAG_TE2":            "SWI/SWI_TOTAL_MAG_TE2.nii.gz",
    "SWI_TOTAL_MAG_notNorm":        "raw/SWI_TOTAL_MAG_notNorm.nii.gz",
    "SWI_TOTAL_MAG_notNorm_TE2":    "raw/SWI_TOTAL_MAG_notNorm_TE2.nii.gz",
    "SWI_TOTAL_PHA":                "SWI/SWI_TOTAL_PHA.nii.gz",
    "SWI_TOTAL_PHA_TE2":            "SWI/SWI_TOTAL_PHA_TE2.nii.gz",
    "T1":                           "T1/T1.nii.gz",
    "T1_notNorm":                   "raw/T1_notNorm.nii.gz",
    "T2":                           "T2_FLAIR/T2_FLAIR.nii.gz",
    "T2_notNorm":                   "raw/T2_FLAIR_notNorm.nii.gz",
    "rfMRI":                        "fMRI/rfMRI.nii.gz",
    "rfMRI_SBRef":                  "fMRI/rfMRI_SBREF.nii.gz",
    "tfMRI":                        "fMRI/tfMRI.nii.gz",
    "tfMRI_SBRef":                  "fMRI/tfMRI_SBREF.nii.gz"
}
